{
  "response": {
      "header": {
          "resultcode": 0,
          "resultmsg": "NORMAL_SERVICE"
      },
      "body": {
          "datatype": "XML",
          "items": {
              "item": {
                  "regid": "11B00000",
                  "rnst3am": 20,
                  "rnst3pm": 20,
                  "rnst4am": 0,
                  "rnst4pm": 0,
                  "rnst5am": 10,
                  "rnst5pm": 10,
                  "rnst6am": 0,
                  "rnst6pm": 0,
                  "rnst7am": 20,
                  "rnst7pm": 0,
                  "rnst8": 20,
                  "rnst9": 30,
                  "rnst10": 30,
                  "wf3am": "구름많음",
                  "wf3pm": "구름많음",
                  "wf4am": "맑음",
                  "wf4pm": "맑음",
                  "wf5am": "맑음",
                  "wf5pm": "맑음",
                  "wf6am": "맑음",
                  "wf6pm": "맑음",
                  "wf7am": "구름많음",
                  "wf7pm": "맑음",
                  "wf8": "구름많음",
                  "wf9": "구름많음",
                  "wf10": "구름많음"
              }
          },
          "numofrows": 10,
          "pageno": 1,
          "totalcount": 1
      }
  }
}