{
  "POP": [
    "강수확률",
    "%"
  ],
  "PTY": [
    "강수형태",
    "코드값"
  ],
  "PCP": [
    "1시간 강수량",
    "(1 mm)"
  ],
  "REH": [
    "습도",
    "%"
  ],
  "RN1": [
    "1시간 강수량",
    "mm"
  ],
  "SNO": [
    "1시간 신적설",
    "(1 cm)"
  ],
  "SKY": [
    "하늘상태",
    "코드값"
  ],
  "T1H": [
    "기온",
    "℃"
  ],
  "TMP": [
    "1시간 기온",
    "℃"
  ],
  "TMN": [
    "일 최저기온",
    "℃"
  ],
  "TMX": [
    "일 최고기온",
    "℃"
  ],
  "UUU": [
    "풍속(동서성분)",
    "m/s"
  ],
  "VVV": [
    "풍속(남북성분)",
    "m/s"
  ],
  "WAV": [
    "파고",
    "M"
  ],
  "VEC": [
    "풍향",
    "deg"
  ],
  "WSD": [
    "풍속",
    "m/s"
  ]
}