{
  "response": {
    "header": {
      "resultCode": "00",
      "resultMsg": "NORMAL_SERVICE"
    },
    "body": {
      "dataType": "JSON",
      "items": {
        "item": [
          {
            "baseDate": "20221022",
            "baseTime": "0600",
            "category": "PTY",
            "nx": 97,
            "ny": 74,
            "obsrValue": "0"
          },
          {
            "baseDate": "20221022",
            "baseTime": "0600",
            "category": "REH",
            "nx": 97,
            "ny": 74,
            "obsrValue": "66"
          },
          {
            "baseDate": "20221022",
            "baseTime": "0600",
            "category": "RN1",
            "nx": 97,
            "ny": 74,
            "obsrValue": "0"
          },
          {
            "baseDate": "20221022",
            "baseTime": "0600",
            "category": "T1H",
            "nx": 97,
            "ny": 74,
            "obsrValue": "17"
          },
          {
            "baseDate": "20221022",
            "baseTime": "0600",
            "category": "UUU",
            "nx": 97,
            "ny": 74,
            "obsrValue": "-0.6"
          },
          {
            "baseDate": "20221022",
            "baseTime": "0600",
            "category": "VEC",
            "nx": 97,
            "ny": 74,
            "obsrValue": "152"
          },
          {
            "baseDate": "20221022",
            "baseTime": "0600",
            "category": "VVV",
            "nx": 97,
            "ny": 74,
            "obsrValue": "1.2"
          },
          {
            "baseDate": "20221022",
            "baseTime": "0600",
            "category": "WSD",
            "nx": 97,
            "ny": 74,
            "obsrValue": "1.4"
          }
        ]
      },
      "pageNo": 1,
      "numOfRows": 10,
      "totalCount": 8
    }
  }
}